Day,Classroom,Time
MONDAY,LT1,8-9
MONDAY,LT1,9-10
MONDAY,LT1,10-11
MONDAY,LT1,11-12
MONDAY,LT1,12-1
MONDAY,LT1,1-2
MONDAY,LT1,2-3
MONDAY,LT1,3-4
MONDAY,LT1,4-5
MONDAY,LT1,5-6
MONDAY,LT1,1-12
MONDAY,LT2,8-9
MONDAY,LT2,9-10
MONDAY,LT2,10-11
MONDAY,LT2,11-12
MONDAY,LT2,12-1
MONDAY,LT2,1-2
MONDAY,LT2,2-3
MONDAY,LT2,3-4
MONDAY,LT2,4-5
MONDAY,LT2,5-6
MONDAY,LT2,1-12
MONDAY,LT3,8-9
MONDAY,LT3,12-1
MONDAY,LT3,1-2
MONDAY,LT3,2-3
MONDAY,LT3,3-4
MONDAY,LT3,4-5
MONDAY,LT3,5-6
MONDAY,LT3,1-12
MONDAY,G1,5-6
MONDAY,G1,1-12
MONDAY,G2,4-5
MONDAY,G2,5-6
MONDAY,G2,1-12
MONDAY,G3,4-5
MONDAY,G3,1-12
MONDAY,G4,12-1
MONDAY,G4,3-4
MONDAY,G4,4-5
MONDAY,G4,5-6
MONDAY,G4,1-12
MONDAY,G5,3-4
MONDAY,G5,5-6
MONDAY,G5,1-12
MONDAY,G6,4-5
MONDAY,G6,5-6
MONDAY,G6,1-12
MONDAY,G7,4-5
MONDAY,G7,5-6
MONDAY,G7,1-12
MONDAY,G8,4-5
MONDAY,G8,5-6
MONDAY,G8,1-12
MONDAY,G9,12-1
MONDAY,G9,5-6
MONDAY,G9,1-12
MONDAY,FF1,12-1
MONDAY,FF1,5-6
MONDAY,FF1,1-12
MONDAY,FF2,12-1
MONDAY,FF2,4-5
MONDAY,FF2,5-6
MONDAY,FF2,1-12
MONDAY,FF3,12-1
MONDAY,FF3,4-5
MONDAY,FF3,5-6
MONDAY,FF3,1-12
MONDAY,FF4,1-2
MONDAY,FF4,4-5
MONDAY,FF4,5-6
MONDAY,FF4,1-12
MONDAY,FF5,12-1
MONDAY,FF5,4-5
MONDAY,FF5,5-6
MONDAY,FF5,1-12
MONDAY,FF6,1-2
MONDAY,FF6,5-6
MONDAY,FF6,1-12
MONDAY,FF7,1-2
MONDAY,FF7,4-5
MONDAY,FF7,5-6
MONDAY,FF7,1-12
MONDAY,FF8,1-2
MONDAY,FF8,4-5
MONDAY,FF8,5-6
MONDAY,FF8,1-12
MONDAY,FF9,12-1
MONDAY,FF9,2-3
MONDAY,FF9,4-5
MONDAY,FF9,5-6
MONDAY,FF9,1-12
MONDAY,CS1,12-1
MONDAY,CS1,5-6
MONDAY,CS1,1-12
MONDAY,CR301,8-9
MONDAY,CR301,4-5
MONDAY,CR301,5-6
MONDAY,CR301,1-12
MONDAY,CR325,8-9
MONDAY,CR325,9-10
MONDAY,CR325,4-5
MONDAY,CR325,5-6
MONDAY,CR325,1-12
MONDAY,CR401,8-9
MONDAY,CR401,12-1
MONDAY,CR401,2-3
MONDAY,CR401,5-6
MONDAY,CR401,1-12
MONDAY,CR425,8-9
MONDAY,CR425,12-1
MONDAY,CR425,1-2
MONDAY,CR425,2-3
MONDAY,CR425,3-4
MONDAY,CR425,4-5
MONDAY,CR425,5-6
MONDAY,CR425,1-12
MONDAY,CR501,8-9
MONDAY,CR501,12-1
MONDAY,CR501,1-2
MONDAY,CR501,4-5
MONDAY,CR501,5-6
MONDAY,CR501,1-12
MONDAY,CR526,8-9
MONDAY,CR526,12-1
MONDAY,CR526,1-2
MONDAY,CR526,2-3
MONDAY,CR526,3-4
MONDAY,CR526,4-5
MONDAY,CR526,5-6
MONDAY,CR526,1-12
MONDAY,CS2,12-1
MONDAY,CS2,4-5
MONDAY,CS2,5-6
MONDAY,CS2,1-12
MONDAY,CS3,1-2
MONDAY,CS3,5-6
MONDAY,CS3,1-12
MONDAY,CS4,1-2
MONDAY,CS4,5-6
MONDAY,CS4,1-12
MONDAY,CS5,8-9
MONDAY,CS5,12-1
MONDAY,CS5,1-2
MONDAY,CS5,2-3
MONDAY,CS5,4-5
MONDAY,CS5,5-6
MONDAY,CS5,1-12
MONDAY,CS6,8-9
MONDAY,CS6,1-2
MONDAY,CS6,2-3
MONDAY,CS6,4-5
MONDAY,CS6,5-6
MONDAY,CS6,1-12
MONDAY,CS7,8-9
MONDAY,CS7,12-1
MONDAY,CS7,1-2
MONDAY,CS7,2-3
MONDAY,CS7,4-5
MONDAY,CS7,5-6
MONDAY,CS7,1-12
MONDAY,CS8,8-9
MONDAY,CS8,4-5
MONDAY,CS8,5-6
MONDAY,CS8,1-12
MONDAY,CS9,8-9
MONDAY,CS9,12-1
MONDAY,CS9,4-5
MONDAY,CS9,5-6
MONDAY,CS9,1-12
MONDAY,CS10,8-9
MONDAY,CS10,5-6
MONDAY,CS10,1-12
MONDAY,CS12,8-9
MONDAY,CS12,4-5
MONDAY,CS12,5-6
MONDAY,CS12,1-12
MONDAY,CS16,8-9
MONDAY,CS16,12-1
MONDAY,CS16,1-2
MONDAY,CS16,3-4
MONDAY,CS16,4-5
MONDAY,CS16,5-6
MONDAY,CS16,1-12
MONDAY,F6,8-9
MONDAY,F6,12-1
MONDAY,F6,1-2
MONDAY,F6,2-3
MONDAY,F6,4-5
MONDAY,F6,5-6
MONDAY,F6,1-12
MONDAY,F8,8-9
MONDAY,F8,12-1
MONDAY,F8,1-2
MONDAY,F8,2-3
MONDAY,F8,4-5
MONDAY,F8,5-6
MONDAY,F8,1-12
MONDAY,LT4,8-9
MONDAY,LT4,9-10
MONDAY,LT4,10-11
MONDAY,LT4,11-12
MONDAY,LT4,12-1
MONDAY,LT4,1-2
MONDAY,LT4,2-3
MONDAY,LT4,3-4
MONDAY,LT4,4-5
MONDAY,LT4,5-6
MONDAY,LT4,1-12
MONDAY,TS9,8-9
MONDAY,TS9,9-10
MONDAY,TS9,3-4
MONDAY,TS9,4-5
MONDAY,TS9,5-6
MONDAY,TS9,1-12
MONDAY,TS14,8-9
MONDAY,TS14,9-10
MONDAY,TS14,10-11
MONDAY,TS14,11-12
MONDAY,TS14,12-1
MONDAY,TS14,1-2
MONDAY,TS14,2-3
MONDAY,TS14,4-5
MONDAY,TS14,5-6
MONDAY,TS14,1-12
MONDAY,TS15,8-9
MONDAY,TS15,12-1
MONDAY,TS15,4-5
MONDAY,TS15,5-6
MONDAY,TS15,1-12
MONDAY,TS18,8-9
MONDAY,TS18,11-12
MONDAY,TS18,1-2
MONDAY,TS18,2-3
MONDAY,TS18,5-6
MONDAY,TS18,1-12
MONDAY,TS19,8-9
MONDAY,TS19,9-10
MONDAY,TS19,1-2
MONDAY,TS19,2-3
MONDAY,TS19,5-6
MONDAY,TS19,1-12
MONDAY,CR701,8-9
MONDAY,CR701,9-10
MONDAY,CR701,10-11
MONDAY,CR701,11-12
MONDAY,CR701,12-1
MONDAY,CR701,1-2
MONDAY,CR701,2-3
MONDAY,CR701,3-4
MONDAY,CR701,4-5
MONDAY,CR701,5-6
MONDAY,CR701,1-12
MONDAY,CR702,8-9
MONDAY,CR702,9-10
MONDAY,CR702,10-11
MONDAY,CR702,11-12
MONDAY,CR702,12-1
MONDAY,CR702,1-2
MONDAY,CR702,2-3
MONDAY,CR702,3-4
MONDAY,CR702,4-5
MONDAY,CR702,5-6
MONDAY,CR702,1-12
MONDAY,CR703,8-9
MONDAY,CR703,9-10
MONDAY,CR703,10-11
MONDAY,CR703,11-12
MONDAY,CR703,12-1
MONDAY,CR703,1-2
MONDAY,CR703,2-3
MONDAY,CR703,3-4
MONDAY,CR703,4-5
MONDAY,CR703,5-6
MONDAY,CR703,1-12
MONDAY,CR704,8-9
MONDAY,CR704,9-10
MONDAY,CR704,10-11
MONDAY,CR704,11-12
MONDAY,CR704,12-1
MONDAY,CR704,1-2
MONDAY,CR704,2-3
MONDAY,CR704,3-4
MONDAY,CR704,4-5
MONDAY,CR704,5-6
MONDAY,CR704,1-12
MONDAY,CR705,8-9
MONDAY,CR705,9-10
MONDAY,CR705,10-11
MONDAY,CR705,11-12
MONDAY,CR705,12-1
MONDAY,CR705,1-2
MONDAY,CR705,2-3
MONDAY,CR705,3-4
MONDAY,CR705,4-5
MONDAY,CR705,5-6
TUESDAY,LT1,8-9
TUESDAY,LT1,9-10
TUESDAY,LT1,10-11
TUESDAY,LT1,11-12
TUESDAY,LT1,12-1
TUESDAY,LT1,1-2
TUESDAY,LT1,2-3
TUESDAY,LT1,3-4
TUESDAY,LT1,4-5
TUESDAY,LT1,5-6
TUESDAY,LT1,1-12
TUESDAY,LT2,8-9
TUESDAY,LT2,10-11
TUESDAY,LT2,11-12
TUESDAY,LT2,12-1
TUESDAY,LT2,1-2
TUESDAY,LT2,2-3
TUESDAY,LT2,3-4
TUESDAY,LT2,4-5
TUESDAY,LT2,5-6
TUESDAY,LT2,1-12
TUESDAY,LT3,11-12
TUESDAY,LT3,12-1
TUESDAY,LT3,1-2
TUESDAY,LT3,2-3
TUESDAY,LT3,3-4
TUESDAY,LT3,4-5
TUESDAY,LT3,5-6
TUESDAY,LT3,1-12
TUESDAY,G1,8-9
TUESDAY,G1,4-5
TUESDAY,G1,5-6
TUESDAY,G1,1-12
TUESDAY,G2,1-12
TUESDAY,G3,3-4
TUESDAY,G3,4-5
TUESDAY,G3,5-6
TUESDAY,G3,1-12
TUESDAY,G4,8-9
TUESDAY,G4,5-6
TUESDAY,G4,1-12
TUESDAY,G5,8-9
TUESDAY,G5,5-6
TUESDAY,G5,1-12
TUESDAY,G6,8-9
TUESDAY,G6,12-1
TUESDAY,G6,5-6
TUESDAY,G6,1-12
TUESDAY,G7,12-1
TUESDAY,G7,4-5
TUESDAY,G7,5-6
TUESDAY,G7,1-12
TUESDAY,G8,8-9
TUESDAY,G8,12-1
TUESDAY,G8,4-5
TUESDAY,G8,5-6
TUESDAY,G8,1-12
TUESDAY,G9,8-9
TUESDAY,G9,12-1
TUESDAY,G9,4-5
TUESDAY,G9,5-6
TUESDAY,G9,1-12
TUESDAY,FF1,12-1
TUESDAY,FF1,4-5
TUESDAY,FF1,5-6
TUESDAY,FF1,1-12
TUESDAY,FF2,8-9
TUESDAY,FF2,4-5
TUESDAY,FF2,5-6
TUESDAY,FF2,1-12
TUESDAY,FF3,12-1
TUESDAY,FF3,4-5
TUESDAY,FF3,5-6
TUESDAY,FF3,1-12
TUESDAY,FF4,8-9
TUESDAY,FF4,5-6
TUESDAY,FF4,1-12
TUESDAY,FF5,12-1
TUESDAY,FF5,4-5
TUESDAY,FF5,5-6
TUESDAY,FF5,1-12
TUESDAY,FF6,8-9
TUESDAY,FF6,5-6
TUESDAY,FF6,1-12
TUESDAY,FF7,8-9
TUESDAY,FF7,5-6
TUESDAY,FF7,1-12
TUESDAY,FF8,8-9
TUESDAY,FF8,3-4
TUESDAY,FF8,5-6
TUESDAY,FF8,1-12
TUESDAY,FF9,12-1
TUESDAY,FF9,5-6
TUESDAY,FF9,1-12
TUESDAY,CR301,8-9
TUESDAY,CR301,4-5
TUESDAY,CR301,5-6
TUESDAY,CR301,1-12
TUESDAY,CR325,8-9
TUESDAY,CR325,1-2
TUESDAY,CR325,3-4
TUESDAY,CR325,4-5
TUESDAY,CR325,5-6
TUESDAY,CR325,1-12
TUESDAY,CR401,8-9
TUESDAY,CR401,1-2
TUESDAY,CR401,4-5
TUESDAY,CR401,5-6
TUESDAY,CR401,1-12
TUESDAY,CR425,8-9
TUESDAY,CR425,10-11
TUESDAY,CR425,12-1
TUESDAY,CR425,1-2
TUESDAY,CR425,3-4
TUESDAY,CR425,4-5
TUESDAY,CR425,5-6
TUESDAY,CR425,1-12
TUESDAY,CR501,8-9
TUESDAY,CR501,10-11
TUESDAY,CR501,12-1
TUESDAY,CR501,4-5
TUESDAY,CR501,5-6
TUESDAY,CR501,1-12
TUESDAY,CR526,8-9
TUESDAY,CR526,12-1
TUESDAY,CR526,1-2
TUESDAY,CR526,3-4
TUESDAY,CR526,4-5
TUESDAY,CR526,5-6
TUESDAY,CR526,1-12
TUESDAY,CS1,11-12
TUESDAY,CS1,12-1
TUESDAY,CS1,3-4
TUESDAY,CS1,4-5
TUESDAY,CS1,5-6
TUESDAY,CS1,1-12
TUESDAY,CS2,8-9
TUESDAY,CS2,1-2
TUESDAY,CS2,5-6
TUESDAY,CS2,1-12
TUESDAY,CS3,1-2
TUESDAY,CS3,2-3
TUESDAY,CS3,4-5
TUESDAY,CS3,5-6
TUESDAY,CS3,1-12
TUESDAY,CS4,8-9
TUESDAY,CS4,11-12
TUESDAY,CS4,12-1
TUESDAY,CS4,5-6
TUESDAY,CS4,1-12
TUESDAY,CS5,2-3
TUESDAY,CS5,3-4
TUESDAY,CS5,4-5
TUESDAY,CS5,5-6
TUESDAY,CS5,1-12
TUESDAY,CS6,11-12
TUESDAY,CS6,5-6
TUESDAY,CS6,1-12
TUESDAY,CS7,8-9
TUESDAY,CS7,10-11
TUESDAY,CS7,11-12
TUESDAY,CS7,12-1
TUESDAY,CS7,1-2
TUESDAY,CS7,3-4
TUESDAY,CS7,4-5
TUESDAY,CS7,5-6
TUESDAY,CS7,1-12
TUESDAY,CS8,8-9
TUESDAY,CS8,1-2
TUESDAY,CS8,5-6
TUESDAY,CS8,1-12
TUESDAY,CS9,8-9
TUESDAY,CS9,4-5
TUESDAY,CS9,5-6
TUESDAY,CS9,1-12
TUESDAY,CS10,8-9
TUESDAY,CS10,10-11
TUESDAY,CS10,5-6
TUESDAY,CS10,1-12
TUESDAY,CS12,8-9
TUESDAY,CS12,3-4
TUESDAY,CS12,5-6
TUESDAY,CS12,1-12
TUESDAY,CS16,8-9
TUESDAY,CS16,12-1
TUESDAY,CS16,1-2
TUESDAY,CS16,2-3
TUESDAY,CS16,5-6
TUESDAY,CS16,1-12
TUESDAY,F6,8-9
TUESDAY,F6,10-11
TUESDAY,F6,11-12
TUESDAY,F6,12-1
TUESDAY,F6,1-2
TUESDAY,F6,2-3
TUESDAY,F6,3-4
TUESDAY,F6,4-5
TUESDAY,F6,5-6
TUESDAY,F6,1-12
TUESDAY,F8,8-9
TUESDAY,F8,10-11
TUESDAY,F8,11-12
TUESDAY,F8,12-1
TUESDAY,F8,1-2
TUESDAY,F8,2-3
TUESDAY,F8,3-4
TUESDAY,F8,4-5
TUESDAY,F8,5-6
TUESDAY,F8,1-12
TUESDAY,LT4,8-9
TUESDAY,LT4,9-10
TUESDAY,LT4,10-11
TUESDAY,LT4,11-12
TUESDAY,LT4,12-1
TUESDAY,LT4,1-2
TUESDAY,LT4,2-3
TUESDAY,LT4,3-4
TUESDAY,LT4,4-5
TUESDAY,LT4,5-6
TUESDAY,LT4,1-12
TUESDAY,TS9,8-9
TUESDAY,TS9,1-2
TUESDAY,TS9,4-5
TUESDAY,TS9,5-6
TUESDAY,TS9,1-12
TUESDAY,TS14,8-9
TUESDAY,TS14,10-11
TUESDAY,TS14,11-12
TUESDAY,TS14,12-1
TUESDAY,TS14,1-2
TUESDAY,TS14,2-3
TUESDAY,TS14,4-5
TUESDAY,TS14,5-6
TUESDAY,TS14,1-12
TUESDAY,TS15,8-9
TUESDAY,TS15,9-10
TUESDAY,TS15,12-1
TUESDAY,TS15,4-5
TUESDAY,TS15,5-6
TUESDAY,TS15,1-12
TUESDAY,TS18,8-9
TUESDAY,TS18,9-10
TUESDAY,TS18,10-11
TUESDAY,TS18,1-2
TUESDAY,TS18,3-4
TUESDAY,TS18,5-6
TUESDAY,TS18,1-12
TUESDAY,TS19,8-9
TUESDAY,TS19,1-2
TUESDAY,TS19,4-5
TUESDAY,TS19,5-6
TUESDAY,TS19,1-12
TUESDAY,CR701,8-9
TUESDAY,CR701,9-10
TUESDAY,CR701,10-11
TUESDAY,CR701,11-12
TUESDAY,CR701,12-1
TUESDAY,CR701,1-2
TUESDAY,CR701,2-3
TUESDAY,CR701,3-4
TUESDAY,CR701,4-5
TUESDAY,CR701,5-6
TUESDAY,CR701,1-12
TUESDAY,CR702,8-9
TUESDAY,CR702,9-10
TUESDAY,CR702,10-11
TUESDAY,CR702,11-12
TUESDAY,CR702,12-1
TUESDAY,CR702,1-2
TUESDAY,CR702,2-3
TUESDAY,CR702,3-4
TUESDAY,CR702,4-5
TUESDAY,CR702,5-6
TUESDAY,CR702,1-12
TUESDAY,CR703,8-9
TUESDAY,CR703,9-10
TUESDAY,CR703,10-11
TUESDAY,CR703,11-12
TUESDAY,CR703,12-1
TUESDAY,CR703,1-2
TUESDAY,CR703,2-3
TUESDAY,CR703,3-4
TUESDAY,CR703,4-5
TUESDAY,CR703,5-6
TUESDAY,CR703,1-12
TUESDAY,CR704,8-9
TUESDAY,CR704,9-10
TUESDAY,CR704,10-11
TUESDAY,CR704,11-12
TUESDAY,CR704,12-1
TUESDAY,CR704,1-2
TUESDAY,CR704,2-3
TUESDAY,CR704,3-4
TUESDAY,CR704,4-5
TUESDAY,CR704,5-6
TUESDAY,CR704,1-12
TUESDAY,CR705,8-9
TUESDAY,CR705,9-10
TUESDAY,CR705,10-11
TUESDAY,CR705,11-12
TUESDAY,CR705,12-1
TUESDAY,CR705,1-2
TUESDAY,CR705,2-3
TUESDAY,CR705,3-4
TUESDAY,CR705,4-5
TUESDAY,CR705,5-6
TUESDAY,CR705,1-12
WEDNESDAY,LT1,8-9
WEDNESDAY,LT1,9-10
WEDNESDAY,LT1,10-11
WEDNESDAY,LT1,11-12
WEDNESDAY,LT1,12-1
WEDNESDAY,LT1,1-2
WEDNESDAY,LT1,2-3
WEDNESDAY,LT1,3-4
WEDNESDAY,LT1,4-5
WEDNESDAY,LT1,5-6
WEDNESDAY,LT1,1-12
WEDNESDAY,LT2,8-9
WEDNESDAY,LT2,9-10
WEDNESDAY,LT2,10-11
WEDNESDAY,LT2,11-12
WEDNESDAY,LT2,12-1
WEDNESDAY,LT2,1-2
WEDNESDAY,LT2,2-3
WEDNESDAY,LT2,3-4
WEDNESDAY,LT2,4-5
WEDNESDAY,LT2,5-6
WEDNESDAY,LT2,1-12
WEDNESDAY,LT3,10-11
WEDNESDAY,LT3,11-12
WEDNESDAY,LT3,12-1
WEDNESDAY,LT3,1-2
WEDNESDAY,LT3,2-3
WEDNESDAY,LT3,3-4
WEDNESDAY,LT3,4-5
WEDNESDAY,LT3,5-6
WEDNESDAY,LT3,1-12
WEDNESDAY,G1,8-9
WEDNESDAY,G1,1-2
WEDNESDAY,G1,3-4
WEDNESDAY,G1,4-5
WEDNESDAY,G1,1-12
WEDNESDAY,G2,4-5
WEDNESDAY,G2,5-6
WEDNESDAY,G2,1-12
WEDNESDAY,G3,1-2
WEDNESDAY,G3,4-5
WEDNESDAY,G3,1-12
WEDNESDAY,G4,12-1
WEDNESDAY,G4,5-6
WEDNESDAY,G4,1-12
WEDNESDAY,G5,4-5
WEDNESDAY,G5,5-6
WEDNESDAY,G5,1-12
WEDNESDAY,G6,10-11
WEDNESDAY,G6,12-1
WEDNESDAY,G6,5-6
WEDNESDAY,G6,1-12
WEDNESDAY,G7,4-5
WEDNESDAY,G7,5-6
WEDNESDAY,G7,1-12
WEDNESDAY,G8,12-1
WEDNESDAY,G8,5-6
WEDNESDAY,G8,1-12
WEDNESDAY,G9,12-1
WEDNESDAY,G9,4-5
WEDNESDAY,G9,5-6
WEDNESDAY,G9,1-12
WEDNESDAY,FF1,4-5
WEDNESDAY,FF1,5-6
WEDNESDAY,FF1,1-12
WEDNESDAY,FF2,10-11
WEDNESDAY,FF2,12-1
WEDNESDAY,FF2,1-2
WEDNESDAY,FF2,5-6
WEDNESDAY,FF2,1-12
WEDNESDAY,FF3,12-1
WEDNESDAY,FF3,4-5
WEDNESDAY,FF3,5-6
WEDNESDAY,FF3,1-12
WEDNESDAY,FF4,1-2
WEDNESDAY,FF4,4-5
WEDNESDAY,FF4,5-6
WEDNESDAY,FF4,1-12
WEDNESDAY,FF5,12-1
WEDNESDAY,FF5,5-6
WEDNESDAY,FF5,1-12
WEDNESDAY,FF6,10-11
WEDNESDAY,FF6,12-1
WEDNESDAY,FF6,1-2
WEDNESDAY,FF6,4-5
WEDNESDAY,FF6,5-6
WEDNESDAY,FF6,1-12
WEDNESDAY,FF7,12-1
WEDNESDAY,FF7,1-2
WEDNESDAY,FF7,5-6
WEDNESDAY,FF7,1-12
WEDNESDAY,FF8,8-9
WEDNESDAY,FF8,1-2
WEDNESDAY,FF8,3-4
WEDNESDAY,FF8,5-6
WEDNESDAY,FF8,1-12
WEDNESDAY,FF9,10-11
WEDNESDAY,FF9,12-1
WEDNESDAY,FF9,3-4
WEDNESDAY,FF9,4-5
WEDNESDAY,FF9,5-6
WEDNESDAY,FF9,1-12
WEDNESDAY,CR301,8-9
WEDNESDAY,CR301,11-12
WEDNESDAY,CR301,12-1
WEDNESDAY,CR301,4-5
WEDNESDAY,CR301,5-6
WEDNESDAY,CR301,1-12
WEDNESDAY,CR325,8-9
WEDNESDAY,CR325,5-6
WEDNESDAY,CR325,1-12
WEDNESDAY,CR401,8-9
WEDNESDAY,CR401,4-5
WEDNESDAY,CR401,5-6
WEDNESDAY,CR401,1-12
WEDNESDAY,CR425,8-9
WEDNESDAY,CR425,12-1
WEDNESDAY,CR425,1-2
WEDNESDAY,CR425,3-4
WEDNESDAY,CR425,4-5
WEDNESDAY,CR425,5-6
WEDNESDAY,CR425,1-12
WEDNESDAY,CR501,8-9
WEDNESDAY,CR501,1-2
WEDNESDAY,CR501,4-5
WEDNESDAY,CR501,5-6
WEDNESDAY,CR501,1-12
WEDNESDAY,CR526,8-9
WEDNESDAY,CR526,10-11
WEDNESDAY,CR526,12-1
WEDNESDAY,CR526,1-2
WEDNESDAY,CR526,3-4
WEDNESDAY,CR526,4-5
WEDNESDAY,CR526,5-6
WEDNESDAY,CR526,1-12
WEDNESDAY,CS1,3-4
WEDNESDAY,CS1,4-5
WEDNESDAY,CS1,5-6
WEDNESDAY,CS1,1-12
WEDNESDAY,CS2,12-1
WEDNESDAY,CS2,4-5
WEDNESDAY,CS2,5-6
WEDNESDAY,CS2,1-12
WEDNESDAY,CS3,8-9
WEDNESDAY,CS3,10-11
WEDNESDAY,CS3,12-1
WEDNESDAY,CS3,1-2
WEDNESDAY,CS3,2-3
WEDNESDAY,CS3,5-6
WEDNESDAY,CS3,1-12
WEDNESDAY,CS4,10-11
WEDNESDAY,CS4,11-12
WEDNESDAY,CS4,12-1
WEDNESDAY,CS4,5-6
WEDNESDAY,CS4,1-12
WEDNESDAY,CS5,10-11
WEDNESDAY,CS5,1-2
WEDNESDAY,CS5,4-5
WEDNESDAY,CS5,5-6
WEDNESDAY,CS5,1-12
WEDNESDAY,CS6,1-2
WEDNESDAY,CS6,3-4
WEDNESDAY,CS6,5-6
WEDNESDAY,CS6,1-12
WEDNESDAY,CS7,8-9
WEDNESDAY,CS7,12-1
WEDNESDAY,CS7,2-3
WEDNESDAY,CS7,4-5
WEDNESDAY,CS7,5-6
WEDNESDAY,CS7,1-12
WEDNESDAY,CS8,8-9
WEDNESDAY,CS8,1-2
WEDNESDAY,CS8,4-5
WEDNESDAY,CS8,5-6
WEDNESDAY,CS8,1-12
WEDNESDAY,CS9,8-9
WEDNESDAY,CS9,4-5
WEDNESDAY,CS9,5-6
WEDNESDAY,CS9,1-12
WEDNESDAY,CS10,8-9
WEDNESDAY,CS10,3-4
WEDNESDAY,CS10,5-6
WEDNESDAY,CS10,1-12
WEDNESDAY,CS12,8-9
WEDNESDAY,CS12,4-5
WEDNESDAY,CS12,5-6
WEDNESDAY,CS12,1-12
WEDNESDAY,CS16,8-9
WEDNESDAY,CS16,12-1
WEDNESDAY,CS16,1-2
WEDNESDAY,CS16,2-3
WEDNESDAY,CS16,3-4
WEDNESDAY,CS16,4-5
WEDNESDAY,CS16,5-6
WEDNESDAY,CS16,1-12
WEDNESDAY,F6,8-9
WEDNESDAY,F6,10-11
WEDNESDAY,F6,11-12
WEDNESDAY,F6,12-1
WEDNESDAY,F6,1-2
WEDNESDAY,F6,2-3
WEDNESDAY,F6,3-4
WEDNESDAY,F6,4-5
WEDNESDAY,F6,5-6
WEDNESDAY,F6,1-12
WEDNESDAY,F8,8-9
WEDNESDAY,F8,10-11
WEDNESDAY,F8,11-12
WEDNESDAY,F8,12-1
WEDNESDAY,F8,1-2
WEDNESDAY,F8,2-3
WEDNESDAY,F8,3-4
WEDNESDAY,F8,4-5
WEDNESDAY,F8,5-6
WEDNESDAY,F8,1-12
WEDNESDAY,LT4,8-9
WEDNESDAY,LT4,9-10
WEDNESDAY,LT4,10-11
WEDNESDAY,LT4,11-12
WEDNESDAY,LT4,12-1
WEDNESDAY,LT4,1-2
WEDNESDAY,LT4,2-3
WEDNESDAY,LT4,3-4
WEDNESDAY,LT4,4-5
WEDNESDAY,LT4,5-6
WEDNESDAY,LT4,1-12
WEDNESDAY,TS9,8-9
WEDNESDAY,TS9,5-6
WEDNESDAY,TS9,1-12
WEDNESDAY,TS14,8-9
WEDNESDAY,TS14,9-10
WEDNESDAY,TS14,10-11
WEDNESDAY,TS14,12-1
WEDNESDAY,TS14,1-2
WEDNESDAY,TS14,2-3
WEDNESDAY,TS14,5-6
WEDNESDAY,TS14,1-12
WEDNESDAY,TS15,8-9
WEDNESDAY,TS15,9-10
WEDNESDAY,TS15,12-1
WEDNESDAY,TS15,1-2
WEDNESDAY,TS15,2-3
WEDNESDAY,TS15,3-4
WEDNESDAY,TS15,4-5
WEDNESDAY,TS15,5-6
WEDNESDAY,TS15,1-12
WEDNESDAY,TS18,8-9
WEDNESDAY,TS18,12-1
WEDNESDAY,TS18,1-2
WEDNESDAY,TS18,3-4
WEDNESDAY,TS18,4-5
WEDNESDAY,TS18,5-6
WEDNESDAY,TS18,1-12
WEDNESDAY,TS19,8-9
WEDNESDAY,TS19,12-1
WEDNESDAY,TS19,1-2
WEDNESDAY,TS19,3-4
WEDNESDAY,TS19,4-5
WEDNESDAY,TS19,5-6
WEDNESDAY,TS19,1-12
WEDNESDAY,CR701,8-9
WEDNESDAY,CR701,9-10
WEDNESDAY,CR701,10-11
WEDNESDAY,CR701,11-12
WEDNESDAY,CR701,12-1
WEDNESDAY,CR701,1-2
WEDNESDAY,CR701,2-3
WEDNESDAY,CR701,3-4
WEDNESDAY,CR701,4-5
WEDNESDAY,CR701,5-6
WEDNESDAY,CR701,1-12
WEDNESDAY,CR702,8-9
WEDNESDAY,CR702,9-10
WEDNESDAY,CR702,10-11
WEDNESDAY,CR702,11-12
WEDNESDAY,CR702,12-1
WEDNESDAY,CR702,1-2
WEDNESDAY,CR702,2-3
WEDNESDAY,CR702,3-4
WEDNESDAY,CR702,4-5
WEDNESDAY,CR702,5-6
WEDNESDAY,CR702,1-12
WEDNESDAY,CR703,8-9
WEDNESDAY,CR703,9-10
WEDNESDAY,CR703,10-11
WEDNESDAY,CR703,11-12
WEDNESDAY,CR703,12-1
WEDNESDAY,CR703,1-2
WEDNESDAY,CR703,2-3
WEDNESDAY,CR703,3-4
WEDNESDAY,CR703,4-5
WEDNESDAY,CR703,5-6
WEDNESDAY,CR703,1-12
WEDNESDAY,CR704,8-9
WEDNESDAY,CR704,9-10
WEDNESDAY,CR704,10-11
WEDNESDAY,CR704,11-12
WEDNESDAY,CR704,12-1
WEDNESDAY,CR704,1-2
WEDNESDAY,CR704,2-3
WEDNESDAY,CR704,3-4
WEDNESDAY,CR704,4-5
WEDNESDAY,CR704,5-6
WEDNESDAY,CR704,1-12
WEDNESDAY,CR705,8-9
WEDNESDAY,CR705,9-10
WEDNESDAY,CR705,10-11
WEDNESDAY,CR705,11-12
WEDNESDAY,CR705,12-1
WEDNESDAY,CR705,1-2
WEDNESDAY,CR705,2-3
WEDNESDAY,CR705,3-4
WEDNESDAY,CR705,4-5
WEDNESDAY,CR705,5-6
WEDNESDAY,CR705,1-12
THURSDAY,LT1,8-9
THURSDAY,LT1,9-10
THURSDAY,LT1,10-11
THURSDAY,LT1,11-12
THURSDAY,LT1,12-1
THURSDAY,LT1,1-2
THURSDAY,LT1,2-3
THURSDAY,LT1,3-4
THURSDAY,LT1,4-5
THURSDAY,LT1,5-6
THURSDAY,LT1,1-12
THURSDAY,LT2,8-9
THURSDAY,LT2,9-10
THURSDAY,LT2,10-11
THURSDAY,LT2,11-12
THURSDAY,LT2,12-1
THURSDAY,LT2,1-2
THURSDAY,LT2,2-3
THURSDAY,LT2,3-4
THURSDAY,LT2,4-5
THURSDAY,LT2,5-6
THURSDAY,LT2,1-12
THURSDAY,LT3,10-11
THURSDAY,LT3,12-1
THURSDAY,LT3,1-2
THURSDAY,LT3,2-3
THURSDAY,LT3,3-4
THURSDAY,LT3,4-5
THURSDAY,LT3,5-6
THURSDAY,LT3,1-12
THURSDAY,G1,1-2
THURSDAY,G1,3-4
THURSDAY,G1,4-5
THURSDAY,G1,5-6
THURSDAY,G1,1-12
THURSDAY,G2,3-4
THURSDAY,G2,4-5
THURSDAY,G2,5-6
THURSDAY,G2,1-12
THURSDAY,G3,1-2
THURSDAY,G3,2-3
THURSDAY,G3,1-12
THURSDAY,G4,12-1
THURSDAY,G4,4-5
THURSDAY,G4,5-6
THURSDAY,G4,1-12
THURSDAY,G5,3-4
THURSDAY,G5,5-6
THURSDAY,G5,1-12
THURSDAY,G6,4-5
THURSDAY,G6,5-6
THURSDAY,G6,1-12
THURSDAY,G7,5-6
THURSDAY,G7,1-12
THURSDAY,G8,3-4
THURSDAY,G8,5-6
THURSDAY,G8,1-12
THURSDAY,G9,3-4
THURSDAY,G9,4-5
THURSDAY,G9,5-6
THURSDAY,G9,1-12
THURSDAY,FF1,4-5
THURSDAY,FF1,5-6
THURSDAY,FF1,1-12
THURSDAY,FF2,3-4
THURSDAY,FF2,4-5
THURSDAY,FF2,5-6
THURSDAY,FF2,1-12
THURSDAY,FF3,3-4
THURSDAY,FF3,4-5
THURSDAY,FF3,5-6
THURSDAY,FF3,1-12
THURSDAY,FF4,3-4
THURSDAY,FF4,4-5
THURSDAY,FF4,5-6
THURSDAY,FF4,1-12
THURSDAY,FF5,12-1
THURSDAY,FF5,3-4
THURSDAY,FF5,5-6
THURSDAY,FF5,1-12
THURSDAY,FF6,1-2
THURSDAY,FF6,4-5
THURSDAY,FF6,5-6
THURSDAY,FF6,1-12
THURSDAY,FF7,5-6
THURSDAY,FF7,1-12
THURSDAY,FF8,1-2
THURSDAY,FF8,4-5
THURSDAY,FF8,5-6
THURSDAY,FF8,1-12
THURSDAY,FF9,12-1
THURSDAY,FF9,3-4
THURSDAY,FF9,5-6
THURSDAY,FF9,1-12
THURSDAY,CR301,8-9
THURSDAY,CR301,12-1
THURSDAY,CR301,3-4
THURSDAY,CR301,5-6
THURSDAY,CR301,1-12
THURSDAY,CR325,8-9
THURSDAY,CR325,12-1
THURSDAY,CR325,1-2
THURSDAY,CR325,5-6
THURSDAY,CR325,1-12
THURSDAY,CR401,8-9
THURSDAY,CR401,12-1
THURSDAY,CR401,3-4
THURSDAY,CR401,4-5
THURSDAY,CR401,5-6
THURSDAY,CR401,1-12
THURSDAY,CR425,8-9
THURSDAY,CR425,1-2
THURSDAY,CR425,5-6
THURSDAY,CR425,1-12
THURSDAY,CR501,8-9
THURSDAY,CR501,11-12
THURSDAY,CR501,1-2
THURSDAY,CR501,2-3
THURSDAY,CR501,3-4
THURSDAY,CR501,4-5
THURSDAY,CR501,5-6
THURSDAY,CR501,1-12
THURSDAY,CR526,8-9
THURSDAY,CR526,1-2
THURSDAY,CR526,2-3
THURSDAY,CR526,3-4
THURSDAY,CR526,4-5
THURSDAY,CR526,5-6
THURSDAY,CR526,1-12
THURSDAY,CS1,12-1
THURSDAY,CS1,2-3
THURSDAY,CS1,3-4
THURSDAY,CS1,4-5
THURSDAY,CS1,5-6
THURSDAY,CS1,1-12
THURSDAY,CS2,2-3
THURSDAY,CS2,5-6
THURSDAY,CS2,1-12
THURSDAY,CS3,1-2
THURSDAY,CS3,2-3
THURSDAY,CS3,4-5
THURSDAY,CS3,5-6
THURSDAY,CS3,1-12
THURSDAY,CS4,1-2
THURSDAY,CS4,3-4
THURSDAY,CS4,4-5
THURSDAY,CS4,5-6
THURSDAY,CS4,1-12
THURSDAY,CS5,8-9
THURSDAY,CS5,1-2
THURSDAY,CS5,2-3
THURSDAY,CS5,3-4
THURSDAY,CS5,4-5
THURSDAY,CS5,5-6
THURSDAY,CS5,1-12
THURSDAY,CS6,8-9
THURSDAY,CS6,12-1
THURSDAY,CS6,1-2
THURSDAY,CS6,4-5
THURSDAY,CS6,5-6
THURSDAY,CS6,1-12
THURSDAY,CS7,8-9
THURSDAY,CS7,10-11
THURSDAY,CS7,1-2
THURSDAY,CS7,2-3
THURSDAY,CS7,4-5
THURSDAY,CS7,5-6
THURSDAY,CS7,1-12
THURSDAY,CS8,8-9
THURSDAY,CS8,1-2
THURSDAY,CS8,3-4
THURSDAY,CS8,4-5
THURSDAY,CS8,5-6
THURSDAY,CS8,1-12
THURSDAY,CS9,8-9
THURSDAY,CS9,4-5
THURSDAY,CS9,5-6
THURSDAY,CS9,1-12
THURSDAY,CS10,8-9
THURSDAY,CS10,5-6
THURSDAY,CS10,1-12
THURSDAY,CS12,8-9
THURSDAY,CS12,1-2
THURSDAY,CS12,5-6
THURSDAY,CS12,1-12
THURSDAY,CS16,8-9
THURSDAY,CS16,12-1
THURSDAY,CS16,1-2
THURSDAY,CS16,2-3
THURSDAY,CS16,3-4
THURSDAY,CS16,4-5
THURSDAY,CS16,5-6
THURSDAY,CS16,1-12
THURSDAY,F6,8-9
THURSDAY,F6,12-1
THURSDAY,F6,1-2
THURSDAY,F6,2-3
THURSDAY,F6,3-4
THURSDAY,F6,4-5
THURSDAY,F6,5-6
THURSDAY,F6,1-12
THURSDAY,F8,10-11
THURSDAY,F8,12-1
THURSDAY,F8,1-2
THURSDAY,F8,4-5
THURSDAY,F8,5-6
THURSDAY,F8,1-12
THURSDAY,LT4,8-9
THURSDAY,LT4,9-10
THURSDAY,LT4,10-11
THURSDAY,LT4,11-12
THURSDAY,LT4,12-1
THURSDAY,LT4,1-2
THURSDAY,LT4,2-3
THURSDAY,LT4,3-4
THURSDAY,LT4,4-5
THURSDAY,LT4,5-6
THURSDAY,LT4,1-12
THURSDAY,TS9,8-9
THURSDAY,TS9,1-2
THURSDAY,TS9,4-5
THURSDAY,TS9,5-6
THURSDAY,TS9,1-12
THURSDAY,TS14,9-10
THURSDAY,TS14,10-11
THURSDAY,TS14,11-12
THURSDAY,TS14,12-1
THURSDAY,TS14,1-2
THURSDAY,TS14,2-3
THURSDAY,TS14,3-4
THURSDAY,TS14,4-5
THURSDAY,TS14,5-6
THURSDAY,TS14,1-12
THURSDAY,TS15,8-9
THURSDAY,TS15,12-1
THURSDAY,TS15,3-4
THURSDAY,TS15,4-5
THURSDAY,TS15,5-6
THURSDAY,TS15,1-12
THURSDAY,TS18,8-9
THURSDAY,TS18,1-2
THURSDAY,TS18,3-4
THURSDAY,TS18,4-5
THURSDAY,TS18,5-6
THURSDAY,TS18,1-12
THURSDAY,TS19,8-9
THURSDAY,TS19,1-2
THURSDAY,TS19,4-5
THURSDAY,TS19,5-6
THURSDAY,TS19,1-12
THURSDAY,CR701,8-9
THURSDAY,CR701,9-10
THURSDAY,CR701,10-11
THURSDAY,CR701,11-12
THURSDAY,CR701,12-1
THURSDAY,CR701,1-2
THURSDAY,CR701,2-3
THURSDAY,CR701,3-4
THURSDAY,CR701,4-5
THURSDAY,CR701,5-6
THURSDAY,CR701,1-12
THURSDAY,CR702,8-9
THURSDAY,CR702,9-10
THURSDAY,CR702,10-11
THURSDAY,CR702,11-12
THURSDAY,CR702,12-1
THURSDAY,CR702,1-2
THURSDAY,CR702,2-3
THURSDAY,CR702,3-4
THURSDAY,CR702,4-5
THURSDAY,CR702,5-6
THURSDAY,CR702,1-12
THURSDAY,CR703,8-9
THURSDAY,CR703,9-10
THURSDAY,CR703,10-11
THURSDAY,CR703,11-12
THURSDAY,CR703,12-1
THURSDAY,CR703,1-2
THURSDAY,CR703,2-3
THURSDAY,CR703,3-4
THURSDAY,CR703,4-5
THURSDAY,CR703,5-6
THURSDAY,CR703,1-12
THURSDAY,CR704,8-9
THURSDAY,CR704,9-10
THURSDAY,CR704,10-11
THURSDAY,CR704,11-12
THURSDAY,CR704,12-1
THURSDAY,CR704,1-2
THURSDAY,CR704,2-3
THURSDAY,CR704,3-4
THURSDAY,CR704,4-5
THURSDAY,CR704,5-6
THURSDAY,CR704,1-12
THURSDAY,CR705,8-9
THURSDAY,CR705,9-10
THURSDAY,CR705,10-11
THURSDAY,CR705,11-12
THURSDAY,CR705,12-1
THURSDAY,CR705,1-2
THURSDAY,CR705,2-3
THURSDAY,CR705,3-4
THURSDAY,CR705,4-5
THURSDAY,CR705,5-6
THURSDAY,CR705,1-12
FRIDAY,LT1,8-9
FRIDAY,LT1,9-10
FRIDAY,LT1,10-11
FRIDAY,LT1,11-12
FRIDAY,LT1,12-1
FRIDAY,LT1,1-2
FRIDAY,LT1,2-3
FRIDAY,LT1,3-4
FRIDAY,LT1,4-5
FRIDAY,LT1,5-6
FRIDAY,LT1,1-12
FRIDAY,LT2,8-9
FRIDAY,LT2,10-11
FRIDAY,LT2,11-12
FRIDAY,LT2,12-1
FRIDAY,LT2,1-2
FRIDAY,LT2,2-3
FRIDAY,LT2,3-4
FRIDAY,LT2,4-5
FRIDAY,LT2,5-6
FRIDAY,LT2,1-12
FRIDAY,LT3,10-11
FRIDAY,LT3,12-1
FRIDAY,LT3,1-2
FRIDAY,LT3,2-3
FRIDAY,LT3,3-4
FRIDAY,LT3,4-5
FRIDAY,LT3,5-6
FRIDAY,LT3,1-12
FRIDAY,G1,2-3
FRIDAY,G1,3-4
FRIDAY,G1,5-6
FRIDAY,G1,1-12
FRIDAY,G2,5-6
FRIDAY,G2,1-12
FRIDAY,G3,2-3
FRIDAY,G3,4-5
FRIDAY,G3,5-6
FRIDAY,G3,1-12
FRIDAY,G4,8-9
FRIDAY,G4,4-5
FRIDAY,G4,1-12
FRIDAY,G5,8-9
FRIDAY,G5,4-5
FRIDAY,G5,5-6
FRIDAY,G5,1-12
FRIDAY,G6,8-9
FRIDAY,G6,4-5
FRIDAY,G6,5-6
FRIDAY,G6,1-12
FRIDAY,G7,1-2
FRIDAY,G7,2-3
FRIDAY,G7,4-5
FRIDAY,G7,5-6
FRIDAY,G7,1-12
FRIDAY,G8,8-9
FRIDAY,G8,1-2
FRIDAY,G8,2-3
FRIDAY,G8,4-5
FRIDAY,G8,5-6
FRIDAY,G8,1-12
FRIDAY,G9,10-11
FRIDAY,G9,4-5
FRIDAY,G9,5-6
FRIDAY,G9,1-12
FRIDAY,FF1,4-5
FRIDAY,FF1,5-6
FRIDAY,FF1,1-12
FRIDAY,FF2,8-9
FRIDAY,FF2,2-3
FRIDAY,FF2,4-5
FRIDAY,FF2,5-6
FRIDAY,FF2,1-12
FRIDAY,FF3,12-1
FRIDAY,FF3,2-3
FRIDAY,FF3,5-6
FRIDAY,FF3,1-12
FRIDAY,FF4,8-9
FRIDAY,FF4,2-3
FRIDAY,FF4,3-4
FRIDAY,FF4,4-5
FRIDAY,FF4,5-6
FRIDAY,FF4,1-12
FRIDAY,FF5,12-1
FRIDAY,FF5,2-3
FRIDAY,FF5,5-6
FRIDAY,FF5,1-12
FRIDAY,FF6,8-9
FRIDAY,FF6,2-3
FRIDAY,FF6,4-5
FRIDAY,FF6,5-6
FRIDAY,FF6,1-12
FRIDAY,FF7,8-9
FRIDAY,FF7,2-3
FRIDAY,FF7,4-5
FRIDAY,FF7,5-6
FRIDAY,FF7,1-12
FRIDAY,FF8,2-3
FRIDAY,FF8,3-4
FRIDAY,FF8,4-5
FRIDAY,FF8,5-6
FRIDAY,FF8,1-12
FRIDAY,FF9,10-11
FRIDAY,FF9,12-1
FRIDAY,FF9,2-3
FRIDAY,FF9,3-4
FRIDAY,FF9,4-5
FRIDAY,FF9,5-6
FRIDAY,FF9,1-12
FRIDAY,CR301,8-9
FRIDAY,CR301,10-11
FRIDAY,CR301,1-2
FRIDAY,CR301,2-3
FRIDAY,CR301,5-6
FRIDAY,CR301,1-12
FRIDAY,CR325,8-9
FRIDAY,CR325,9-10
FRIDAY,CR325,10-11
FRIDAY,CR325,2-3
FRIDAY,CR325,3-4
FRIDAY,CR325,5-6
FRIDAY,CR325,1-12
FRIDAY,CR401,8-9
FRIDAY,CR401,11-12
FRIDAY,CR401,1-2
FRIDAY,CR401,2-3
FRIDAY,CR401,3-4
FRIDAY,CR401,4-5
FRIDAY,CR401,5-6
FRIDAY,CR401,1-12
FRIDAY,CR425,8-9
FRIDAY,CR425,2-3
FRIDAY,CR425,3-4
FRIDAY,CR425,4-5
FRIDAY,CR425,5-6
FRIDAY,CR425,1-12
FRIDAY,CR501,8-9
FRIDAY,CR501,12-1
FRIDAY,CR501,2-3
FRIDAY,CR501,3-4
FRIDAY,CR501,4-5
FRIDAY,CR501,5-6
FRIDAY,CR501,1-12
FRIDAY,CR526,8-9
FRIDAY,CR526,12-1
FRIDAY,CR526,1-2
FRIDAY,CR526,2-3
FRIDAY,CR526,3-4
FRIDAY,CR526,4-5
FRIDAY,CR526,5-6
FRIDAY,CR526,1-12
FRIDAY,CS1,11-12
FRIDAY,CS1,2-3
FRIDAY,CS1,4-5
FRIDAY,CS1,5-6
FRIDAY,CS1,1-12
FRIDAY,CS2,8-9
FRIDAY,CS2,10-11
FRIDAY,CS2,2-3
FRIDAY,CS2,4-5
FRIDAY,CS2,5-6
FRIDAY,CS2,1-12
FRIDAY,CS3,8-9
FRIDAY,CS3,1-2
FRIDAY,CS3,3-4
FRIDAY,CS3,4-5
FRIDAY,CS3,5-6
FRIDAY,CS3,1-12
FRIDAY,CS4,8-9
FRIDAY,CS4,1-2
FRIDAY,CS4,2-3
FRIDAY,CS4,4-5
FRIDAY,CS4,5-6
FRIDAY,CS4,1-12
FRIDAY,CS5,8-9
FRIDAY,CS5,1-2
FRIDAY,CS5,2-3
FRIDAY,CS5,3-4
FRIDAY,CS5,4-5
FRIDAY,CS5,5-6
FRIDAY,CS5,1-12
FRIDAY,CS6,8-9
FRIDAY,CS6,1-2
FRIDAY,CS6,2-3
FRIDAY,CS6,3-4
FRIDAY,CS6,5-6
FRIDAY,CS6,1-12
FRIDAY,CS7,8-9
FRIDAY,CS7,1-2
FRIDAY,CS7,2-3
FRIDAY,CS7,3-4
FRIDAY,CS7,4-5
FRIDAY,CS7,5-6
FRIDAY,CS7,1-12
FRIDAY,CS8,8-9
FRIDAY,CS8,1-2
FRIDAY,CS8,2-3
FRIDAY,CS8,3-4
FRIDAY,CS8,4-5
FRIDAY,CS8,5-6
FRIDAY,CS8,1-12
FRIDAY,CS9,8-9
FRIDAY,CS9,1-2
FRIDAY,CS9,2-3
FRIDAY,CS9,4-5
FRIDAY,CS9,5-6
FRIDAY,CS9,1-12
FRIDAY,CS10,8-9
FRIDAY,CS10,2-3
FRIDAY,CS10,5-6
FRIDAY,CS10,1-12
FRIDAY,CS12,8-9
FRIDAY,CS12,12-1
FRIDAY,CS12,2-3
FRIDAY,CS12,5-6
FRIDAY,CS12,1-12
FRIDAY,CS16,8-9
FRIDAY,CS16,12-1
FRIDAY,CS16,1-2
FRIDAY,CS16,2-3
FRIDAY,CS16,3-4
FRIDAY,CS16,4-5
FRIDAY,CS16,5-6
FRIDAY,CS16,1-12
FRIDAY,F6,8-9
FRIDAY,F6,10-11
FRIDAY,F6,12-1
FRIDAY,F6,1-2
FRIDAY,F6,2-3
FRIDAY,F6,3-4
FRIDAY,F6,4-5
FRIDAY,F6,5-6
FRIDAY,F6,1-12
FRIDAY,F8,8-9
FRIDAY,F8,12-1
FRIDAY,F8,1-2
FRIDAY,F8,2-3
FRIDAY,F8,3-4
FRIDAY,F8,4-5
FRIDAY,F8,5-6
FRIDAY,F8,1-12
FRIDAY,LT4,8-9
FRIDAY,LT4,9-10
FRIDAY,LT4,10-11
FRIDAY,LT4,11-12
FRIDAY,LT4,12-1
FRIDAY,LT4,1-2
FRIDAY,LT4,2-3
FRIDAY,LT4,3-4
FRIDAY,LT4,4-5
FRIDAY,LT4,5-6
FRIDAY,LT4,1-12
FRIDAY,TS9,8-9
FRIDAY,TS9,2-3
FRIDAY,TS9,3-4
FRIDAY,TS9,4-5
FRIDAY,TS9,5-6
FRIDAY,TS9,1-12
FRIDAY,TS14,8-9
FRIDAY,TS14,9-10
FRIDAY,TS14,10-11
FRIDAY,TS14,11-12
FRIDAY,TS14,12-1
FRIDAY,TS14,1-2
FRIDAY,TS14,2-3
FRIDAY,TS14,3-4
FRIDAY,TS14,4-5
FRIDAY,TS14,5-6
FRIDAY,TS14,1-12
FRIDAY,TS15,8-9
FRIDAY,TS15,10-11
FRIDAY,TS15,2-3
FRIDAY,TS15,3-4
FRIDAY,TS15,4-5
FRIDAY,TS15,5-6
FRIDAY,TS15,1-12
FRIDAY,TS18,8-9
FRIDAY,TS18,1-2
FRIDAY,TS18,2-3
FRIDAY,TS18,4-5
FRIDAY,TS18,5-6
FRIDAY,TS18,1-12
FRIDAY,TS19,8-9
FRIDAY,TS19,1-2
FRIDAY,TS19,3-4
FRIDAY,TS19,4-5
FRIDAY,TS19,5-6
FRIDAY,TS19,1-12
FRIDAY,CR701,8-9
FRIDAY,CR701,9-10
FRIDAY,CR701,10-11
FRIDAY,CR701,11-12
FRIDAY,CR701,12-1
FRIDAY,CR701,1-2
FRIDAY,CR701,2-3
FRIDAY,CR701,3-4
FRIDAY,CR701,4-5
FRIDAY,CR701,5-6
FRIDAY,CR701,1-12
FRIDAY,CR702,8-9
FRIDAY,CR702,9-10
FRIDAY,CR702,10-11
FRIDAY,CR702,11-12
FRIDAY,CR702,12-1
FRIDAY,CR702,1-2
FRIDAY,CR702,2-3
FRIDAY,CR702,3-4
FRIDAY,CR702,4-5
FRIDAY,CR702,5-6
FRIDAY,CR702,1-12
FRIDAY,CR703,8-9
FRIDAY,CR703,9-10
FRIDAY,CR703,10-11
FRIDAY,CR703,11-12
FRIDAY,CR703,12-1
FRIDAY,CR703,1-2
FRIDAY,CR703,2-3
FRIDAY,CR703,3-4
FRIDAY,CR703,4-5
FRIDAY,CR703,5-6
FRIDAY,CR703,1-12
FRIDAY,CR704,8-9
FRIDAY,CR704,9-10
FRIDAY,CR704,10-11
FRIDAY,CR704,11-12
FRIDAY,CR704,12-1
FRIDAY,CR704,1-2
FRIDAY,CR704,2-3
FRIDAY,CR704,3-4
FRIDAY,CR704,4-5
FRIDAY,CR704,5-6
FRIDAY,CR704,1-12
FRIDAY,CR705,8-9
FRIDAY,CR705,9-10
FRIDAY,CR705,10-11
FRIDAY,CR705,11-12
FRIDAY,CR705,12-1
FRIDAY,CR705,1-2
FRIDAY,CR705,2-3
FRIDAY,CR705,3-4
FRIDAY,CR705,4-5
FRIDAY,CR705,5-6
FRIDAY,CR705,1-12
SATURDAY,LT1,8-9
SATURDAY,LT1,9-10
SATURDAY,LT1,10-11
SATURDAY,LT1,11-12
SATURDAY,LT1,12-1
SATURDAY,LT1,1-2
SATURDAY,LT1,2-3
SATURDAY,LT1,3-4
SATURDAY,LT1,4-5
SATURDAY,LT1,5-6
SATURDAY,LT1,1-12
SATURDAY,LT2,9-10
SATURDAY,LT2,10-11
SATURDAY,LT2,11-12
SATURDAY,LT2,12-1
SATURDAY,LT2,1-2
SATURDAY,LT2,2-3
SATURDAY,LT2,3-4
SATURDAY,LT2,4-5
SATURDAY,LT2,5-6
SATURDAY,LT2,1-12
SATURDAY,LT3,10-11
SATURDAY,LT3,11-12
SATURDAY,LT3,12-1
SATURDAY,LT3,1-2
SATURDAY,LT3,2-3
SATURDAY,LT3,3-4
SATURDAY,LT3,4-5
SATURDAY,LT3,5-6
SATURDAY,LT3,1-12
SATURDAY,G1,12-1
SATURDAY,G1,1-2
SATURDAY,G1,2-3
SATURDAY,G1,3-4
SATURDAY,G1,4-5
SATURDAY,G1,5-6
SATURDAY,G1,1-12
SATURDAY,G2,12-1
SATURDAY,G2,1-2
SATURDAY,G2,2-3
SATURDAY,G2,3-4
SATURDAY,G2,4-5
SATURDAY,G2,5-6
SATURDAY,G2,1-12
SATURDAY,G3,11-12
SATURDAY,G3,1-2
SATURDAY,G3,2-3
SATURDAY,G3,3-4
SATURDAY,G3,4-5
SATURDAY,G3,5-6
SATURDAY,G3,1-12
SATURDAY,G4,8-9
SATURDAY,G4,12-1
SATURDAY,G4,2-3
SATURDAY,G4,3-4
SATURDAY,G4,4-5
SATURDAY,G4,5-6
SATURDAY,G4,1-12
SATURDAY,G5,8-9
SATURDAY,G5,11-12
SATURDAY,G5,1-2
SATURDAY,G5,2-3
SATURDAY,G5,3-4
SATURDAY,G5,4-5
SATURDAY,G5,5-6
SATURDAY,G5,1-12
SATURDAY,G6,8-9
SATURDAY,G6,11-12
SATURDAY,G6,1-2
SATURDAY,G6,2-3
SATURDAY,G6,3-4
SATURDAY,G6,4-5
SATURDAY,G6,5-6
SATURDAY,G6,1-12
SATURDAY,G7,12-1
SATURDAY,G7,1-2
SATURDAY,G7,2-3
SATURDAY,G7,3-4
SATURDAY,G7,4-5
SATURDAY,G7,5-6
SATURDAY,G7,1-12
SATURDAY,G8,8-9
SATURDAY,G8,11-12
SATURDAY,G8,12-1
SATURDAY,G8,1-2
SATURDAY,G8,2-3
SATURDAY,G8,3-4
SATURDAY,G8,4-5
SATURDAY,G8,5-6
SATURDAY,G8,1-12
SATURDAY,G9,1-2
SATURDAY,G9,2-3
SATURDAY,G9,3-4
SATURDAY,G9,4-5
SATURDAY,G9,5-6
SATURDAY,G9,1-12
SATURDAY,FF1,12-1
SATURDAY,FF1,1-2
SATURDAY,FF1,2-3
SATURDAY,FF1,3-4
SATURDAY,FF1,4-5
SATURDAY,FF1,5-6
SATURDAY,FF1,1-12
SATURDAY,FF2,8-9
SATURDAY,FF2,11-12
SATURDAY,FF2,12-1
SATURDAY,FF2,1-2
SATURDAY,FF2,2-3
SATURDAY,FF2,3-4
SATURDAY,FF2,4-5
SATURDAY,FF2,5-6
SATURDAY,FF2,1-12
SATURDAY,FF3,11-12
SATURDAY,FF3,12-1
SATURDAY,FF3,1-2
SATURDAY,FF3,2-3
SATURDAY,FF3,3-4
SATURDAY,FF3,4-5
SATURDAY,FF3,5-6
SATURDAY,FF3,1-12
SATURDAY,FF4,8-9
SATURDAY,FF4,9-10
SATURDAY,FF4,10-11
SATURDAY,FF4,11-12
SATURDAY,FF4,12-1
SATURDAY,FF4,1-2
SATURDAY,FF4,2-3
SATURDAY,FF4,3-4
SATURDAY,FF4,4-5
SATURDAY,FF4,5-6
SATURDAY,FF4,1-12
SATURDAY,FF5,10-11
SATURDAY,FF5,12-1
SATURDAY,FF5,1-2
SATURDAY,FF5,2-3
SATURDAY,FF5,3-4
SATURDAY,FF5,4-5
SATURDAY,FF5,5-6
SATURDAY,FF5,1-12
SATURDAY,FF6,8-9
SATURDAY,FF6,10-11
SATURDAY,FF6,12-1
SATURDAY,FF6,1-2
SATURDAY,FF6,2-3
SATURDAY,FF6,3-4
SATURDAY,FF6,4-5
SATURDAY,FF6,5-6
SATURDAY,FF6,1-12
SATURDAY,FF7,8-9
SATURDAY,FF7,11-12
SATURDAY,FF7,1-2
SATURDAY,FF7,2-3
SATURDAY,FF7,3-4
SATURDAY,FF7,4-5
SATURDAY,FF7,5-6
SATURDAY,FF7,1-12
SATURDAY,FF8,8-9
SATURDAY,FF8,10-11
SATURDAY,FF8,11-12
SATURDAY,FF8,1-2
SATURDAY,FF8,2-3
SATURDAY,FF8,3-4
SATURDAY,FF8,4-5
SATURDAY,FF8,5-6
SATURDAY,FF8,1-12
SATURDAY,FF9,1-2
SATURDAY,FF9,2-3
SATURDAY,FF9,3-4
SATURDAY,FF9,4-5
SATURDAY,FF9,5-6
SATURDAY,FF9,1-12
SATURDAY,CR301,8-9
SATURDAY,CR301,10-11
SATURDAY,CR301,12-1
SATURDAY,CR301,1-2
SATURDAY,CR301,2-3
SATURDAY,CR301,3-4
SATURDAY,CR301,4-5
SATURDAY,CR301,5-6
SATURDAY,CR301,1-12
SATURDAY,CR325,8-9
SATURDAY,CR325,10-11
SATURDAY,CR325,11-12
SATURDAY,CR325,1-2
SATURDAY,CR325,2-3
SATURDAY,CR325,3-4
SATURDAY,CR325,4-5
SATURDAY,CR325,5-6
SATURDAY,CR325,1-12
SATURDAY,CR401,8-9
SATURDAY,CR401,10-11
SATURDAY,CR401,11-12
SATURDAY,CR401,1-2
SATURDAY,CR401,2-3
SATURDAY,CR401,3-4
SATURDAY,CR401,4-5
SATURDAY,CR401,5-6
SATURDAY,CR401,1-12
SATURDAY,CR425,8-9
SATURDAY,CR425,10-11
SATURDAY,CR425,11-12
SATURDAY,CR425,12-1
SATURDAY,CR425,1-2
SATURDAY,CR425,2-3
SATURDAY,CR425,3-4
SATURDAY,CR425,4-5
SATURDAY,CR425,5-6
SATURDAY,CR425,1-12
SATURDAY,CR501,8-9
SATURDAY,CR501,10-11
SATURDAY,CR501,11-12
SATURDAY,CR501,12-1
SATURDAY,CR501,1-2
SATURDAY,CR501,2-3
SATURDAY,CR501,3-4
SATURDAY,CR501,4-5
SATURDAY,CR501,5-6
SATURDAY,CR501,1-12
SATURDAY,CR526,8-9
SATURDAY,CR526,10-11
SATURDAY,CR526,11-12
SATURDAY,CR526,12-1
SATURDAY,CR526,1-2
SATURDAY,CR526,2-3
SATURDAY,CR526,3-4
SATURDAY,CR526,4-5
SATURDAY,CR526,5-6
SATURDAY,CR526,1-12
SATURDAY,CS1,10-11
SATURDAY,CS1,11-12
SATURDAY,CS1,12-1
SATURDAY,CS1,1-2
SATURDAY,CS1,2-3
SATURDAY,CS1,3-4
SATURDAY,CS1,4-5
SATURDAY,CS1,5-6
SATURDAY,CS1,1-12
SATURDAY,CS2,8-9
SATURDAY,CS2,1-2
SATURDAY,CS2,2-3
SATURDAY,CS2,3-4
SATURDAY,CS2,4-5
SATURDAY,CS2,5-6
SATURDAY,CS2,1-12
SATURDAY,CS3,10-11
SATURDAY,CS3,1-2
SATURDAY,CS3,2-3
SATURDAY,CS3,3-4
SATURDAY,CS3,4-5
SATURDAY,CS3,5-6
SATURDAY,CS3,1-12
SATURDAY,CS4,8-9
SATURDAY,CS4,11-12
SATURDAY,CS4,12-1
SATURDAY,CS4,1-2
SATURDAY,CS4,2-3
SATURDAY,CS4,3-4
SATURDAY,CS4,4-5
SATURDAY,CS4,5-6
SATURDAY,CS4,1-12
SATURDAY,CS5,8-9
SATURDAY,CS5,10-11
SATURDAY,CS5,1-2
SATURDAY,CS5,2-3
SATURDAY,CS5,3-4
SATURDAY,CS5,4-5
SATURDAY,CS5,5-6
SATURDAY,CS5,1-12
SATURDAY,CS6,8-9
SATURDAY,CS6,10-11
SATURDAY,CS6,12-1
SATURDAY,CS6,1-2
SATURDAY,CS6,2-3
SATURDAY,CS6,3-4
SATURDAY,CS6,4-5
SATURDAY,CS6,5-6
SATURDAY,CS6,1-12
SATURDAY,CS7,8-9
SATURDAY,CS7,9-10
SATURDAY,CS7,10-11
SATURDAY,CS7,11-12
SATURDAY,CS7,12-1
SATURDAY,CS7,1-2
SATURDAY,CS7,2-3
SATURDAY,CS7,3-4
SATURDAY,CS7,4-5
SATURDAY,CS7,5-6
SATURDAY,CS7,1-12
SATURDAY,CS8,8-9
SATURDAY,CS8,10-11
SATURDAY,CS8,12-1
SATURDAY,CS8,1-2
SATURDAY,CS8,2-3
SATURDAY,CS8,3-4
SATURDAY,CS8,4-5
SATURDAY,CS8,5-6
SATURDAY,CS8,1-12
SATURDAY,CS9,8-9
SATURDAY,CS9,10-11
SATURDAY,CS9,11-12
SATURDAY,CS9,12-1
SATURDAY,CS9,1-2
SATURDAY,CS9,2-3
SATURDAY,CS9,3-4
SATURDAY,CS9,4-5
SATURDAY,CS9,5-6
SATURDAY,CS9,1-12
SATURDAY,CS10,8-9
SATURDAY,CS10,9-10
SATURDAY,CS10,11-12
SATURDAY,CS10,12-1
SATURDAY,CS10,1-2
SATURDAY,CS10,2-3
SATURDAY,CS10,3-4
SATURDAY,CS10,4-5
SATURDAY,CS10,5-6
SATURDAY,CS10,1-12
SATURDAY,CS12,8-9
SATURDAY,CS12,10-11
SATURDAY,CS12,12-1
SATURDAY,CS12,1-2
SATURDAY,CS12,2-3
SATURDAY,CS12,3-4
SATURDAY,CS12,4-5
SATURDAY,CS12,5-6
SATURDAY,CS12,1-12
SATURDAY,CS16,8-9
SATURDAY,CS16,9-10
SATURDAY,CS16,10-11
SATURDAY,CS16,11-12
SATURDAY,CS16,12-1
SATURDAY,CS16,1-2
SATURDAY,CS16,2-3
SATURDAY,CS16,3-4
SATURDAY,CS16,4-5
SATURDAY,CS16,5-6
SATURDAY,CS16,1-12
SATURDAY,F6,8-9
SATURDAY,F6,9-10
SATURDAY,F6,10-11
SATURDAY,F6,11-12
SATURDAY,F6,12-1
SATURDAY,F6,1-2
SATURDAY,F6,2-3
SATURDAY,F6,3-4
SATURDAY,F6,4-5
SATURDAY,F6,5-6
SATURDAY,F6,1-12
SATURDAY,F8,8-9
SATURDAY,F8,10-11
SATURDAY,F8,11-12
SATURDAY,F8,12-1
SATURDAY,F8,1-2
SATURDAY,F8,2-3
SATURDAY,F8,3-4
SATURDAY,F8,4-5
SATURDAY,F8,5-6
SATURDAY,F8,1-12
SATURDAY,F8,8-9
SATURDAY,F8,9-10
SATURDAY,F8,10-11
SATURDAY,F8,11-12
SATURDAY,F8,12-1
SATURDAY,F8,1-2
SATURDAY,F8,2-3
SATURDAY,F8,3-4
SATURDAY,F8,4-5
SATURDAY,F8,5-6
SATURDAY,F8,1-12
SATURDAY,LT4,8-9
SATURDAY,LT4,9-10
SATURDAY,LT4,10-11
SATURDAY,LT4,11-12
SATURDAY,LT4,12-1
SATURDAY,LT4,1-2
SATURDAY,LT4,2-3
SATURDAY,LT4,3-4
SATURDAY,LT4,4-5
SATURDAY,LT4,5-6
SATURDAY,LT4,1-12
SATURDAY,TS9,8-9
SATURDAY,TS9,1-2
SATURDAY,TS9,2-3
SATURDAY,TS9,3-4
SATURDAY,TS9,4-5
SATURDAY,TS9,5-6
SATURDAY,TS9,1-12
SATURDAY,TS14,9-10
SATURDAY,TS14,10-11
SATURDAY,TS14,12-1
SATURDAY,TS14,1-2
SATURDAY,TS14,2-3
SATURDAY,TS14,3-4
SATURDAY,TS14,4-5
SATURDAY,TS14,5-6
SATURDAY,TS14,1-12
SATURDAY,TS15,8-9
SATURDAY,TS15,9-10
SATURDAY,TS15,11-12
SATURDAY,TS15,12-1
SATURDAY,TS15,1-2
SATURDAY,TS15,2-3
SATURDAY,TS15,3-4
SATURDAY,TS15,4-5
SATURDAY,TS15,5-6
SATURDAY,TS15,1-12
SATURDAY,TS18,8-9
SATURDAY,TS18,9-10
SATURDAY,TS18,11-12
SATURDAY,TS18,12-1
SATURDAY,TS18,1-2
SATURDAY,TS18,2-3
SATURDAY,TS18,3-4
SATURDAY,TS18,4-5
SATURDAY,TS18,5-6
SATURDAY,TS18,1-12
SATURDAY,TS19,8-9
SATURDAY,TS19,9-10
SATURDAY,TS19,10-11
SATURDAY,TS19,12-1
SATURDAY,TS19,1-2
SATURDAY,TS19,2-3
SATURDAY,TS19,3-4
SATURDAY,TS19,4-5
SATURDAY,TS19,5-6
SATURDAY,TS19,1-12
SATURDAY,CR701,8-9
SATURDAY,CR701,9-10
SATURDAY,CR701,10-11
SATURDAY,CR701,11-12
SATURDAY,CR701,12-1
SATURDAY,CR701,1-2
SATURDAY,CR701,2-3
SATURDAY,CR701,3-4
SATURDAY,CR701,4-5
SATURDAY,CR701,5-6
SATURDAY,CR701,1-12
SATURDAY,CR702,8-9
SATURDAY,CR702,9-10
SATURDAY,CR702,10-11
SATURDAY,CR702,11-12
SATURDAY,CR702,12-1
SATURDAY,CR702,1-2
SATURDAY,CR702,2-3
SATURDAY,CR702,3-4
SATURDAY,CR702,4-5
SATURDAY,CR702,5-6
SATURDAY,CR702,1-12
SATURDAY,CR703,8-9
SATURDAY,CR703,9-10
SATURDAY,CR703,10-11
SATURDAY,CR703,11-12
SATURDAY,CR703,12-1
SATURDAY,CR703,1-2
SATURDAY,CR703,2-3
SATURDAY,CR703,3-4
SATURDAY,CR703,4-5
SATURDAY,CR703,5-6
SATURDAY,CR703,1-12
SATURDAY,CR704,8-9
SATURDAY,CR704,9-10
SATURDAY,CR704,10-11
SATURDAY,CR704,11-12
SATURDAY,CR704,12-1
SATURDAY,CR704,1-2
SATURDAY,CR704,2-3
SATURDAY,CR704,3-4
SATURDAY,CR704,4-5
SATURDAY,CR704,5-6
SATURDAY,CR704,1-12
SATURDAY,CR705,8-9
SATURDAY,CR705,9-10
SATURDAY,CR705,10-11
SATURDAY,CR705,11-12
SATURDAY,CR705,12-1
SATURDAY,CR705,1-2
SATURDAY,CR705,2-3
SATURDAY,CR705,3-4
SATURDAY,CR705,4-5
SATURDAY,CR705,5-6
SATURDAY,CR705,1-12
